/tickets/gift-certificates.htm,https://tickets.hultcenter.org/gift/certificate
/ticketing/gift-certificates.htm,https://tickets.hultcenter.org/gift/certificate
/venue/weddings-receptions.htm,https://hultcenter.org/
/calendar.htm,https://hultcenter.org/events-tickets/
/docs/2009_soreng_map.pdf,https://hultcenter.org/
/venue/meetings-and-presentations.htm,https://hultcenter.org/plan-your-visit/rent-the-hult/
/hultpresents,https://hultcenter.org/events-tickets/
/docs/silvalinesetlist_122109.pdf,https://hultcenter.org/plan-your-visit/rent-the-hult/
/jojo-abot.htm,https://hultcenter.org/
/docs/silva_light_plot_040111.pdf,https://hultcenter.org/plan-your-visit/rent-the-hult/
/docs/2009_silva_orch_012609.pdf,https://hultcenter.org/plan-your-visit/rent-the-hult/
/visitors/tourism-information.htm,https://hultcenter.org/plan-your-visit/tourism/
/deals_offers.htm,https://hultcenter.org/events-tickets/deals-discounts/
/general-info/art-at-the-hult.htm,https://hultcenter.org/
/ticketing/buy-tickets.htm,https://hultcenter.org/events-tickets/
/venue-information/jacobs-gallery.htm,https://hultcenter.org/our-facilities/
/docs/soreng_lighting_inventory_030310.pdf,https://hultcenter.org/plan-your-visit/rent-the-hult/
/docs/hult_outboard_gear_09_.pdf,https://hultcenter.org/plan-your-visit/rent-the-hult/
/ticketing/calendar.htm,https://hultcenter.org/events-tickets/
/deals_discounts.htm,https://hultcenter.org/events-tickets/deals-discounts/
/docs/silva_light_plot_121815.pdf,https://hultcenter.org/plan-your-visit/rent-the-hult/
/tours/default.htm.htm,https://hultcenter.org/plan-your-visit/our-facilities/
/docs/silva_light_plot_122115.pdf,https://hultcenter.org/plan-your-visit/rent-the-hult/
/about-the-hult-center/directions-parking.htm,https://hultcenter.org/plan-your-visit/getting-here-parking/
/venue/meetings-and-presentations/the-studio.htm,https://hultcenter.org/plan-your-visit/rent-the-hult/
/venue/meetings-and-presentations/catering.htm,https://hultcenter.org/plan-your-visit/rent-the-hult/
/about-the-hult-center/residentcompanies.htm,https://hultcenter.org/about-us/resident-companies/
/venue/meetings-and-presentations/the-lobby.htm,https://hultcenter.org/plan-your-visit/rent-the-hult/
"/directory/An-R-Rated-Magic-Show.htm?categories=-10,104394,105429&keywords=&h=False&pg=1&pagesize=10",https://hultcenter.org/events/an-r-rated-magic-show/
/ticketing/season-subscriptions.htm,https://hultcenter.org/events-tickets/series-seasons/
"/directory/Dream-Within-a-Dream.htm?categories=-10,104394,105429&keywords=&h=False&pg=1&pagesize=10",https://hultcenter.org/events/work-dance/
/visitor/residentcompanies.htm,https://hultcenter.org/about-us/resident-companies/
"/directory/Happy-Hour-RatieD.htm?categories=-10,104394,105429&keywords=&h=False&pg=1&pagesize=10",https://hultcenter.org/events-tickets/hult-happy-hours/
/visitor/hult-history.htm,https://hultcenter.org/
/visitor.htm,https://hultcenter.org/plan-your-visit
/venue-information/soreng-theater.htm,https://hultcenter.org/our-facilities/
/visitor/directions-parking.htm,https://hultcenter.org/plan-your-visit/getting-here-parking/
/visitor/contact-us.htm,https://hultcenter.org/about-us/contact-us/
/promoters-planners/art-at-the-hult.htm,https://hultcenter.org/
/visitor/tourism-information.htm,https://hultcenter.org/plan-your-visit/tourism/
/venue-information.htm,https://hultcenter.org/our-facilities/
/ticketing/seating-charts.htm,https://hultcenter.org/our-facilities/
"/directory/The-Pump-and-Dump-Show.htm?categories=-10,104394,105429&keywords=&h=False&pg=1&pagesize=10",https://hultcenter.org/the-pump-and-dump-show/
/accessibility-footer.htm,https://hultcenter.org/plan-your-visit/accessibility/
"/directory/Eugene_Concert_Choir_Beatles_Forever.htm?categories=-10,104394,105429&keywords=&h=False&pg=1&pagesize=10",https://hultcenter.org/events-tickets/
"/directory/Eugene-Ballet-Heaven-and-Earth.htm?categories=-10,104394,105429&keywords=&h=False&pg=1&pagesize=10",https://hultcenter.org/events/heaven-and-earth/
"/directory/Iliza_Shlesinger.htm?categories=-10,104394,105429&keywords=&h=False&pg=1&pagesize=10",https://hultcenter.org/events/iliza-shlesinger/
/venue-information/the-studio.htm,https://hultcenter.org/our-facilities/
"/directory/Eugene_Concert_Choir_Beatles_for_Kids.htm?categories=-10,104394,105429&keywords=&h=False&pg=1&pagesize=10",https://hultcenter.org/events-tickets/
/more-information/volunteer.htm,https://hultcenter.org/about-us/get-involved/
/promoters-planners/meetings-presentations.htm,https://hultcenter.org/plan-your-visit/rent-the-hult/
/promoters-planners/promoters-guide.htm,https://hultcenter.org/plan-your-visit/rent-the-hult/
/more-information/residentcompanies.htm,https://hultcenter.org/about-us/resident-companies/
/venue-information/the-cuthbert-amphitheater-home.htm,https://hultcenter.org/about-us/contact-us/
"/directory/Peter_and_the_Wolf.htm?categories=-10,104394,105429&keywords=&h=False&pg=1&pagesize=10",https://hultcenter.org/events-tickets/
"/directory/C3_Connection_Beethovens_Fifth.htm?categories=-10,104394,105429&keywords=&h=False&pg=1&pagesize=10",https://hultcenter.org/events-tickets/
/ticketing/beware-of-scammers.htm,https://hultcenter.org/plan-your-visit/ticket-scammers/
/ticketing.htm,https://hultcenter.org/events-tickets/
/marketingyourevent.htm,https://hultcenter.org/plan-your-visit/rent-the-hult/
/venue-information/silva-concert-hall.htm,https://hultcenter.org/our-facilities/
/venue-information/the-lobby.htm,https://hultcenter.org/our-facilities/
"/directory/Eugene-Ballet-Dark-Side-of-the-Moon.htm?categories=-10,104394,105429&keywords=&h=False&pg=2&pagesize=10",https://hultcenter.org/events/dark-side-of-the-moon/
"/directory/Men-are-from-Mars-Women-are-from-Venus-Live.htm?categories=-10,104394,105429&keywords=&h=False&pg=2&pagesize=10",https://hultcenter.org/events/men-are-from-mars/
"/directory/Eugene-Ballet-Taming-of-the-Shrew.htm?categories=-10,104394,105429&keywords=&h=False&pg=2&pagesize=10",https://hultcenter.org/events/taming-the-shrew/
"/directory/Eugene-Ballet-Taming-of-the-Shrew.htm?categories=-10,104394,105429&keywords=&h=False&pg=1&pagesize=10",https://hultcenter.org/events/taming-the-shrew/
"/directory/Eugene-Ballet-Dark-Side-of-the-Moon.htm?categories=-10,104394,105429&keywords=&h=False&pg=1&pagesize=10",https://hultcenter.org/events/dark-side-of-the-moon/
/venue/art-at-the-hult.htm?RD=1,https://hultcenter.org/our-facilities/
"/directory/Black-Violin.htm?categories=-10,104394,105429&keywords=&h=False&pg=2&pagesize=10",https://hultcenter.org/events/black-violin/
"/directory/Eugene-Ballet-Cinderella.htm?categories=-10,104394,105429&keywords=&h=False&pg=2&pagesize=10",https://hultcenter.org/events/cinderella-the-ballet/
"/directory/Eugene-Ballet-Cinderella.htm?categories=-10,104394,105429&keywords=&h=False&pg=1&pagesize=10",https://hultcenter.org/events/cinderella-the-ballet/
"/directory/Eugene-Ballet-The-Nutcracker-2020.htm?categories=-10,104394,105429&keywords=&h=False&pg=1&pagesize=10",https://hultcenter.org/events/the-nutcracker/
"/directory/Eugene-Ballet-Interplay-2021.htm?categories=-10,104394,105429&keywords=&h=False&pg=3&pagesize=10",https://hultcenter.org/events/interplay/
"/directory/Eugene-Ballet-The-Nutcracker-2020.htm?categories=-10,104394,105429&keywords=&h=False&pg=2&pagesize=10",https://hultcenter.org/events/the-nutcracker/
"/directory/Ballet-Fantastique-Luna-Mistica.htm?categories=-10,104394,105429&keywords=&h=False&pg=1&pagesize=10",https://hultcenter.org/events-tickets/
"/directory/Ballet-Fantastique-Luna-Mistica.htm?categories=-10,104394,105429&keywords=&h=False&pg=2&pagesize=10",https://hultcenter.org/events-tickets/
"/directory/Eugene-Ballet-Interplay-2021.htm?categories=-10,104394,105429&keywords=&h=False&pg=1&pagesize=10",https://hultcenter.org/events/interplay/
"/directory/Paula-Poundstone.htm?categories=-10,104394,105429&keywords=&h=False&pg=2&pagesize=10",https://hultcenter.org/events/paula-poundstone/
/hultpresents/,https://hultcenter.org/events-tickets/
"/directory/Glenn-Miller-Orchestra.htm?categories=-10,104394,105429&keywords=&h=False&pg=2&pagesize=10",https://hultcenter.org/events/glenn-miller-orchestra/
"/directory/Soromundi-30-Years-of-Song.htm?categories=-10,104394,105429&keywords=&h=False&pg=3&pagesize=10",https://hultcenter.org/events/soromundi-lesbian-chorus/
"/directory/The-Lonely.htm?categories=-10,104394,105429&keywords=&h=False&pg=2&pagesize=10",https://hultcenter.org/events/the-lonely-roy-orbison/
/venue/promoters-guide/catering.htm,https://hultcenter.org/plan-your-visit/rent-the-hult/
/venue/art-at-the-hult.htm,https://hultcenter.org/
/tickets/ticket-purchase-info/ticket-policies.htm,https://hultcenter.org/plan-your-visit/faqs/
/visitors.htm,https://hultcenter.org/plan-your-visit
/visitors/directions-parking.htm,https://hultcenter.org/plan-your-visit/getting-here-parking/
/smallerspaces.htm,https://hultcenter.org/plan-your-visit/rent-the-hult/
/tickets/seating-charts.htm,https://hultcenter.org/plan-your-visit
/directory/Happy-Hour-RatieD.htm,https://hultcenter.org/events-tickets/hult-happy-hours/
/tours/default.htm,https://hultcenter.org/plan-your-visit
/venue/promoters-guide/the-lobby.htm,https://hultcenter.org/plan-your-visit/rent-the-hult/
/stayhometalentshow.htm,https://hultcenter.org/
/tickets/ticket-purchase-info/deals_discounts.htm,https://hultcenter.org/events-tickets/deals-discounts/
/tickets/ticket-purchase-info.htm,https://hultcenter.org/events-tickets/
/venue/promoters-guide/silva-concert-hall.htm,https://hultcenter.org/plan-your-visit/rent-the-hult/
/events.htm,https://hultcenter.org/events-tickets/
/hulthappyhour.htm,https://hultcenter.org/events-tickets/hult-happy-hours/
/tickets/ticket-purchase-info/beware-of-scammers.htm,https://hultcenter.org/plan-your-visit/ticket-scammers/
/default.htm,https://hultcenter.org/
/more-information/sitemap.htm,https://hultcenter.org/
/ticketingfaq.htm,https://hultcenter.org/plan-your-visit/faqs/
/venue.htm,https://hultcenter.org/plan-your-visit/our-facilities/
/directory_search.aspx,https://hultcenter.org/
/jobs.htm,https://hultcenter.org/about-us/get-involved/
/more-information/privacy-policy.htm,https://hultcenter.org/privacy-policy-2/
/hultpresents/default.htm,https://hultcenter.org/
/about-the-hult-center/contact-us.htm,https://hultcenter.org/about-us/contact-us/
/about-the-hult-center.htm,https://hultcenter.org/about-us/
/venue/promoters-guide.htm,https://hultcenter.org/plan-your-visit/rent-the-hult/
/covid19.htm,https://hultcenter.org/plan-your-visit/covid-19-updates/
/venue/promoters-guide/soreng-theater.htm,https://hultcenter.org/plan-your-visit/rent-the-hult/
/visitors/history.htm,https://hultcenter.org/plan-your-visit
/tickets/season-subscriptions.htm,https://hultcenter.org/events-tickets/series-seasons/
/about-the-hult-center/volunteer.htm,https://hultcenter.org/about-us/get-involved/
/venue/rent_the_hult.htm,https://hultcenter.org/plan-your-visit/rent-the-hult/
/visitors/residentcompanies.htm,https://hultcenter.org/about-us/resident-companies/
/accessibility.htm,https://hultcenter.org/plan-your-visit/accessibility/
/venue/promoters-guide/studio.htm,https://hultcenter.org/plan-your-visit/rent-the-hult/
/directory/Derek_Hough_Live.htm,https://hultcenter.org/
/directory_search.aspx?RD=1,https://hultcenter.org/
/directory/Happy-Hour-Evynne-Hollens.htm,https://hultcenter.org/events-tickets/hult-happy-hours/
/directory/Mariachi-Flor-de-Toloache.htm,https://hultcenter.org/
"/directory_search.aspx?categories=-10,49488,104394&keywords=""broadway%20in%20eugene""",https://hultcenter.org/
/directory/Mystery-Science-Theater-3000-Live.htm,https://hultcenter.org/
/directory/The-Dustbowl-Revival.htm,https://hultcenter.org/
/directory/Meow_Meow.htm,https://hultcenter.org/
"/search.aspx?s=1&currMonth=0&Keywords=""eugene%20symphony""",https://hultcenter.org/about-us/resident-companies/
/directory/David_Byrne_American_Utopia_Tour.htm,https://hultcenter.org/
"/directory_search.aspx?categories=-10,49488,104394&keywords=""eugene%20opera""",https://hultcenter.org/
/directory/Happy-Hour-Katie-Sontag.htm,https://hultcenter.org/events-tickets/hult-happy-hours/
"/search.aspx?s=1&currMonth=0&Keywords=""eugene%20ballet""",https://hultcenter.org/about-us/resident-companies/
/directory/Love-Heals-All-Wounds.htm,https://hultcenter.org/
/directory/The-Lightning-Thief-The-Percy-Jackson-Musical.htm,https://hultcenter.org/
/directory/Nickelodeon_Double_Dare_Live.htm,https://hultcenter.org/
/directory/Patti-LaBelle.htm,https://hultcenter.org/
/directory/Brian-Regan.htm,https://hultcenter.org/
/directory/Shane-Koyczan.htm,https://hultcenter.org/
/directory/Shook-Twins.htm,https://hultcenter.org/
/directory/National-Geographic-Live-Into-the-Artic-Kingdom.htm,https://hultcenter.org/
/directory/Social-by-Nature.htm,https://hultcenter.org/
/directory/Crystal-Bowersox.htm,https://hultcenter.org/
/directory/PJ-Masks-Live-Save-The-Day.htm,https://hultcenter.org/
/directory/Steve_Martin_Martin_Short.htm,https://hultcenter.org/
/directory/Wild_Kratts_Live.htm,https://hultcenter.org/
/directory/Sugar-Skull.htm,https://hultcenter.org/
/hult-facilities/360-degree-views.htm,https://hultcenter.org/our-facilities/
"/search.aspx?s=1&currMonth=0&Keywords=""ballet%20fantastique""",https://hultcenter.org/about-us/resident-companies/
/directory/Drum-Tao-2020.htm,https://hultcenter.org/
/directory/Matuto.htm,https://hultcenter.org/
/directory/Tao_Drum_Heart.htm,https://hultcenter.org/
/directory/At-The-Illusionists-Table.htm,https://hultcenter.org/
/directory/Experience-Hendrix.htm,https://hultcenter.org/
/directory/The_Best_of_The_Second_City.htm,https://hultcenter.org/
/directory/Jay-and-Silent-Bob-Reboot.htm,https://hultcenter.org/
/promoters-planners/request-a-booking.htm,https://hultcenter.org/plan-your-visit/rent-the-hult/
/directory/Harry-Potter-and-The-Sacred-Text.htm,https://hultcenter.org/
/searchpage.htm,https://hultcenter.org/
"/directory_search.aspx?categories=-10,104394,105429&keywords=""eugene%20ballet""",https://hultcenter.org/about-us/resident-companies/
/visitor/city-of-eugene.htm,https://hultcenter.org/plan-your-visit
/directory/Paula-Poundstone.htm,https://hultcenter.org/events/paula-poundstone/
/directory/Gina_Chavez.htm,https://hultcenter.org/
/directory/Circa-S.htm,https://hultcenter.org/
/directory/Stills_and_Collins.htm,https://hultcenter.org/
/buy-tickets.htm,https://hultcenter.org/events-tickets/
/directory/Cirque-Flip-FabriQue-Blizzard.htm,https://hultcenter.org/
"/directory_search.aspx?s=1&currMonth=0&yearselected=0&keywords=""radio%20redux""&categories=49488,104394",https://hultcenter.org/events-tickets/
/directory/Whose-Live-Anyway.htm,https://hultcenter.org/
/directory/Todd-Snider.htm,https://hultcenter.org/
/directory/The-Quebe-Sisters.htm,https://hultcenter.org/
/directory/The-Bachelor-Live-on-Stage.htm,https://hultcenter.org/
/directory/Michael-Pollan.htm,https://hultcenter.org/
/directory/Happy-Hour-Idit-Shner-Tyler-Abbott.htm,https://hultcenter.org/events-tickets/hult-happy-hours/
/directory/Call-of-the-Wild.htm,https://hultcenter.org/
/directory/The-Pump-and-Dump-Show.htm,https://hultcenter.org/the-pump-and-dump-show/
/directory/So-You-Think-You-Can-Dance-Live-2018.htm,https://hultcenter.org/
/directory/The_New_Chinese_Acrobats.htm,https://hultcenter.org/
/directory/ranky_tanky.htm,https://hultcenter.org/
"/search.aspx?s=1&currMonth=0&Keywords=""oregon%20bach%20festival""",https://hultcenter.org/events-tickets/
/directory/Happy-Hour-Dan-Mahoney.htm,https://hultcenter.org/events-tickets/hult-happy-hours/
/directory/Extreme-Cave-Diving.htm,https://hultcenter.org/events-tickets/
/directory/Randy-Rainbow-Live.htm,https://hultcenter.org/events-tickets/
/directory/National-Geographic-Live-Ocean-Soul.htm,https://hultcenter.org/events-tickets/
/directory/Illusionists.htm,https://hultcenter.org/events-tickets/
/directory/Harry-Potter-Sorcerers-Stone.htm,https://hultcenter.org/events-tickets/
/directory/Deepak_Chopra.htm,https://hultcenter.org/events-tickets/
/directory/Neil-deGrasse-Tyson.htm,https://hultcenter.org/events-tickets/
/directory/Leftover-Salmon.htm,https://hultcenter.org/events-tickets/
/directory/Brain-Candy-Live.htm,https://hultcenter.org/events-tickets/
"/search.aspx?s=1&currMonth=0&Keywords=""eugene%20concert%20choir""",https://hultcenter.org/events-tickets/
/promoters-planners.htm,https://hultcenter.org/plan-your-visit/rent-the-hult/
/Directory_View.aspx?ID=5296,https://hultcenter.org/events-tickets/
/directory_search.aspx?pg=2,https://hultcenter.org/events-tickets/
/directory_search.aspx?pg=3,https://hultcenter.org/events-tickets/
/directory/Black-Violin.htm,https://hultcenter.org/events-tickets/
/directory/mariachi_herencia_de_mexico.htm,https://hultcenter.org/events-tickets/
/directory/The-Waterboys.htm,https://hultcenter.org/events-tickets/
/directory/Gobsmacked.htm,https://hultcenter.org/events-tickets/
/directory/Mr_Poppers_Penguins.htm,https://hultcenter.org/events-tickets/
/directory/Paula_Poundstone.htm,https://hultcenter.org/events-tickets/
/directory/Manual-Cinema-Frankenstein.htm,https://hultcenter.org/events-tickets/
/directory/Penny-Arcade.htm,https://hultcenter.org/events-tickets/
/directory/National-Geographic-Live-View-From-Above.htm,https://hultcenter.org/events-tickets/
/directory/Rhinos-Rickshaws-and-Revolutions.htm,https://hultcenter.org/events-tickets/
/directory/Dorrance-Dance-ETM-Double-Down.htm,https://hultcenter.org/events-tickets/
/more-information.htm,https://hultcenter.org/events-tickets/
/directory/Dorrance-Dance.htm,https://hultcenter.org/events-tickets/
/directory/Daniel-Tigers-Neighborhood-Live.htm,https://hultcenter.org/events-tickets/
/directory/Bassem-Youssef.htm,https://hultcenter.org/events-tickets/
/directory/Iliza_Shlesinger.htm,https://hultcenter.org/events-tickets/
"/search.aspx?s=1&currMonth=0&Keywords=""radio%20redux""",https://hultcenter.org/events-tickets/
/directory/The-Naked-Magicians.htm,https://hultcenter.org/events-tickets/
/directory/Complexions_Stardust.htm,https://hultcenter.org/events-tickets/
/directory_search.aspx?RD=2,https://hultcenter.org/events-tickets/
/directory/C3_Connection_Beethovens_Fifth.htm,https://hultcenter.org/events-tickets/
/manual-cinema.htm,https://hultcenter.org/events-tickets/
/directory/An-R-Rated-Magic-Show.htm,https://hultcenter.org/events/an-r-rated-magic-show/
/buy-tickets.htm?RD=2,https://hultcenter.org/events-tickets/
/directory/Eugene_Concert_Choir_Beatles_Forever.htm,https://hultcenter.org/events-tickets/
/directory/Dream-Within-a-Dream.htm,https://hultcenter.org/events/work-dance/
/directory_search.aspx?pg=1,https://hultcenter.org/events-tickets/
/directory_search.aspx?RD=1&pg=3,https://hultcenter.org/events-tickets/
/directory_search.aspx?RD=1&pg=2,https://hultcenter.org/events-tickets/
/venue/promoters-guide/cuthbert-amphitheater-home.htm,https://hultcenter.org/about-us/contact-us/
/directory/Eugene-Ballet-Heaven-and-Earth.htm,https://hultcenter.org/events/heaven-and-earth/
/directory/Eugene_Concert_Choir_Beatles_for_Kids.htm,https://hultcenter.org/events-tickets/
/directory/Peter_and_the_Wolf.htm,https://hultcenter.org/events-tickets/
/venue/promoters-guide/marketing-your-event.htm,https://hultcenter.org/plan-your-visit/rent-the-hult/
/directory/Eugene-Ballet-Taming-of-the-Shrew.htm,https://hultcenter.org/events/taming-the-shrew/
/directory/Glenn-Miller-Orchestra.htm,https://hultcenter.org/events/glenn-miller-orchestra/
/directory/Eugene-Ballet-Dark-Side-of-the-Moon.htm,https://hultcenter.org/events/dark-side-of-the-moon/
/directory_search.aspx?RD=1&pg=1,https://hultcenter.org/events-tickets/
/directory/The-Lonely.htm,https://hultcenter.org/events/the-lonely-roy-orbison/
/directory/Men-are-from-Mars-Women-are-from-Venus-Live.htm,https://hultcenter.org/events/men-are-from-mars/
/directory/Eugene-Ballet-Cinderella.htm,https://hultcenter.org/events/cinderella-the-ballet/
/directory/Ballet-Fantastique-Luna-Mistica.htm,https://hultcenter.org/events-tickets/
/directory/Soromundi-30-Years-of-Song.htm,https://hultcenter.org/events/soromundi-lesbian-chorus/
/directory/Eugene-Ballet-The-Nutcracker-2020.htm,https://hultcenter.org/events/the-nutcracker/
/directory_search.aspx?RD=2&pg=2,https://hultcenter.org/events-tickets/
/directory_search.aspx?RD=2&pg=3,https://hultcenter.org/events-tickets/
/directory/Eugene-Ballet-Interplay-2021.htm,https://hultcenter.org/events/interplay/
/directory_search.aspx?RD=2&pg=1,https://hultcenter.org/events-tickets/
